pdb	metal_chain	metal_pdb_seq_num	metal_resi	resi_chain	resi_ndb_seq_can_num	resi	resi_pdb_id	domain	data_type
1af6	A	425	MG	B	78	D	(' ', 78, ' ')	 	train_data
1af6	A	425	MG	C	78	D	(' ', 78, ' ')	 	train_data
1af6	A	425	MG	A	78	D	(' ', 78, ' ')	 	train_data
1du3	K	2	ZN	J	117	C	(' ', 230, ' ')	 	train_data
1du3	K	2	ZN	L	117	C	(' ', 230, ' ')	 	train_data
1du3	K	2	ZN	K	117	C	(' ', 230, ' ')	 	train_data
1gut	D	1070	MG	E	63	D	(' ', 63, ' ')	 	train_data
1gut	D	1070	MG	D	63	D	(' ', 63, ' ')	 	train_data
1gut	D	1070	MG	F	63	D	(' ', 63, ' ')	 	train_data
1htv	B	1300	ZN	J	10	H	(' ', 1010, ' ')	 	train_data
1htv	B	1300	ZN	F	10	H	(' ', 610, ' ')	 	train_data
1htv	B	1300	ZN	B	10	H	(' ', 210, ' ')	 	train_data
1pw9	A	404	CA	C	54	E	(' ', 232, ' ')	 	train_data
1pw9	A	404	CA	B	54	E	(' ', 232, ' ')	 	train_data
1pw9	A	404	CA	A	54	E	(' ', 232, ' ')	 	train_data
1uli	B	700	FE2	B	24	H	(' ', 24, ' ')	 	train_data
1uli	B	700	FE2	D	24	H	(' ', 24, ' ')	 	train_data
1uli	B	700	FE2	F	24	H	(' ', 24, ' ')	 	train_data
1xu1	A	101	NI	B	3	H	(' ', 106, ' ')	 	train_data
1xu1	A	101	NI	A	3	H	(' ', 106, ' ')	 	train_data
1xu1	A	101	NI	D	3	H	(' ', 106, ' ')	 	train_data
1yu4	A	2002	MG	A	312	E	(' ', 312, ' ')	 	train_data
1yu4	A	2002	MG	C	312	E	(' ', 312, ' ')	 	train_data
1yu4	A	2002	MG	B	312	E	(' ', 312, ' ')	 	train_data
2esl	D	2	CA	E	71	D	(' ', 93, ' ')	 	train_data
2esl	D	2	CA	F	71	D	(' ', 93, ' ')	 	train_data
2esl	D	2	CA	D	71	D	(' ', 93, ' ')	 	train_data
2esl	D	5	ZN	E	152	H	(' ', 174, ' ')	 	train_data
2esl	D	5	ZN	D	152	H	(' ', 174, ' ')	 	train_data
2esl	D	5	ZN	F	152	H	(' ', 174, ' ')	 	train_data
2j3z	B	1432	CO	B	243	H	(' ', 243, ' ')	 	train_data
2j3z	B	1432	CO	A	243	H	(' ', 243, ' ')	 	train_data
2j3z	B	1432	CO	C	243	H	(' ', 243, ' ')	 	train_data
2j4j	B	230	CO	B	104	H	(' ', 104, ' ')	 	train_data
2j4j	B	230	CO	F	104	H	(' ', 104, ' ')	 	train_data
2j4j	B	230	CO	D	104	H	(' ', 104, ' ')	 	train_data
2p2l	A	901	ZN	B	42	D	(' ', 38, ' ')	 	train_data
2p2l	A	901	ZN	A	42	D	(' ', 38, ' ')	 	train_data
2p2l	A	901	ZN	C	42	D	(' ', 38, ' ')	 	train_data
2vrs	A	1328	ZN	C	43	H	(' ', 158, ' ')	 	train_data
2vrs	A	1328	ZN	B	43	H	(' ', 158, ' ')	 	train_data
2vrs	A	1328	ZN	A	43	H	(' ', 158, ' ')	 	train_data
3arn	A	166	MG	C	95	D	(' ', 95, ' ')	 	train_data
3arn	A	166	MG	A	95	D	(' ', 95, ' ')	 	train_data
3arn	A	166	MG	B	95	D	(' ', 95, ' ')	 	train_data
3arn	A	168	MG	A	135	E	(' ', 135, ' ')	 	train_data
3arn	A	168	MG	B	135	E	(' ', 135, ' ')	 	train_data
3arn	A	168	MG	C	135	E	(' ', 135, ' ')	 	train_data
3bf3	B	247	MG	E	45	H	(' ', 42, ' ')	 	train_data
3bf3	B	247	MG	C	45	H	(' ', 42, ' ')	 	train_data
3bf3	B	247	MG	B	45	H	(' ', 42, ' ')	 	train_data
3fsy	A	333	MG	A	168	D	(' ', 166, ' ')	 	train_data
3fsy	A	333	MG	B	168	D	(' ', 166, ' ')	 	train_data
3fsy	A	333	MG	C	168	D	(' ', 166, ' ')	 	train_data
3fsy	A	334	MG	A	185	E	(' ', 183, ' ')	 	train_data
3fsy	A	334	MG	C	185	E	(' ', 183, ' ')	 	train_data
3fsy	A	334	MG	B	185	E	(' ', 183, ' ')	 	train_data
3k1s	H	107	MG	I	83	D	(' ', 80, ' ')	 	train_data
3k1s	H	107	MG	G	83	D	(' ', 80, ' ')	 	train_data
3k1s	H	107	MG	H	83	D	(' ', 80, ' ')	 	train_data
3ld0	h	54	MG	j	53	E	(' ', 253, ' ')	 	train_data
3ld0	h	54	MG	i	53	E	(' ', 153, ' ')	 	train_data
3ld0	h	54	MG	h	53	E	(' ', 53, ' ')	 	train_data
3onr	J	72	CA	J	19	E	(' ', 18, ' ')	 	train_data
3onr	J	72	CA	K	19	E	(' ', 18, ' ')	 	train_data
3onr	J	72	CA	L	19	E	(' ', 18, ' ')	 	train_data
3t80	D	160	MG	F	152	E	(' ', 149, ' ')	 	train_data
3t80	D	160	MG	D	152	E	(' ', 149, ' ')	 	train_data
3t80	D	160	MG	E	152	E	(' ', 149, ' ')	 	train_data
3ugv	F	368	NI	G	267	H	(' ', 244, ' ')	 	train_data
3ugv	F	368	NI	E	267	H	(' ', 244, ' ')	 	train_data
3ugv	F	368	NI	F	267	H	(' ', 244, ' ')	 	train_data
3ugv	F	368	NI	H	267	H	(' ', 244, ' ')	 	train_data
3vm6	A	323	MG	C	320	D	(' ', 304, ' ')	 	train_data
3vm6	A	323	MG	B	320	D	(' ', 304, ' ')	 	train_data
3vm6	A	323	MG	A	320	D	(' ', 304, ' ')	 	train_data
4am8	F	401	NI	D	69	H	(' ', 69, ' ')	 	train_data
4am8	F	401	NI	E	69	H	(' ', 69, ' ')	 	train_data
4am8	F	401	NI	F	69	H	(' ', 69, ' ')	 	train_data
4gv8	D	203	MG	E	95	D	(' ', 95, ' ')	 	train_data
4gv8	D	203	MG	D	95	D	(' ', 95, ' ')	 	train_data
4gv8	D	203	MG	F	95	D	(' ', 95, ' ')	 	train_data
4h2h	B	402	NI	D	244	H	(' ', 235, ' ')	 	train_data
4h2h	B	402	NI	G	244	H	(' ', 235, ' ')	 	train_data
4h2h	B	402	NI	F	244	H	(' ', 235, ' ')	 	train_data
4h2h	B	402	NI	B	244	H	(' ', 235, ' ')	 	train_data
4ic5	A	402	CA	A	38	E	(' ', 87, ' ')	 	train_data
4ic5	A	402	CA	B	38	E	(' ', 87, ' ')	 	train_data
4ic5	A	402	CA	C	38	E	(' ', 87, ' ')	 	train_data
4leh	A	201	ZN	B	105	H	(' ', 89, ' ')	 	train_data
4leh	A	201	ZN	C	105	H	(' ', 89, ' ')	 	train_data
4leh	A	201	ZN	A	105	H	(' ', 89, ' ')	 	train_data
4mc7	A	503	CA	A	96	D	(' ', 160, ' ')	 	train_data
4mc7	A	503	CA	B	96	D	(' ', 160, ' ')	 	train_data
4mc7	A	503	CA	D	96	D	(' ', 160, ' ')	 	train_data
4mc7	A	503	CA	C	96	D	(' ', 160, ' ')	 	train_data
4oj6	B	800	ZN	A	25	H	(' ', 25, ' ')	 	train_data
4oj6	B	800	ZN	B	25	H	(' ', 25, ' ')	 	train_data
4oj6	B	800	ZN	C	25	H	(' ', 25, ' ')	 	train_data
4qql	E	201	MG	I	89	D	(' ', 89, ' ')	 	train_data
4qql	E	201	MG	H	89	D	(' ', 89, ' ')	 	train_data
4qql	E	201	MG	E	89	D	(' ', 89, ' ')	 	train_data
4qql	E	202	MG	E	93	D	(' ', 93, ' ')	 	train_data
4qql	E	202	MG	H	93	D	(' ', 93, ' ')	 	train_data
4qql	E	202	MG	I	93	D	(' ', 93, ' ')	 	train_data
4qql	E	203	MG	H	93	D	(' ', 93, ' ')	 	train_data
4qql	E	203	MG	E	93	D	(' ', 93, ' ')	 	train_data
4qql	E	203	MG	I	93	D	(' ', 93, ' ')	 	train_data
4rus	A	306	MG	E	7	D	(' ', 7, ' ')	 	train_data
4rus	A	306	MG	D	7	D	(' ', 7, ' ')	 	train_data
4rus	A	306	MG	A	7	D	(' ', 7, ' ')	 	train_data
4u5p	A	203	MG	C	106	D	(' ', 106, ' ')	 	train_data
4u5p	A	203	MG	B	106	D	(' ', 106, ' ')	 	train_data
4u5p	A	203	MG	A	106	D	(' ', 106, ' ')	 	train_data
4v4m	U	203	CA	U	56	D	(' ', 55, ' ')	 	train_data
4v4m	U	203	CA	k	56	D	(' ', 55, ' ')	 	train_data
4v4m	U	203	CA	Z	56	D	(' ', 55, ' ')	 	train_data
5j7d	C	201	CU	C	9	H	(' ', 9, ' ')	 	train_data
5j7d	C	201	CU	H	9	H	(' ', 9, ' ')	 	train_data
5j7d	C	201	CU	G	9	H	(' ', 9, ' ')	 	train_data
5j7d	C	201	CU	E	9	H	(' ', 9, ' ')	 	train_data
5t9y	A	401	MG	A	297	D	(' ', 313, ' ')	 	train_data
5t9y	A	401	MG	C	297	D	(' ', 313, ' ')	 	train_data
5t9y	A	401	MG	B	297	D	(' ', 313, ' ')	 	train_data
5w6p	D	1005	ZN	E	247	D	(' ', 488, ' ')	 	train_data
5w6p	D	1005	ZN	D	247	D	(' ', 488, ' ')	 	train_data
5w6p	D	1005	ZN	F	247	D	(' ', 488, ' ')	 	train_data
6eu4	A	801	ZN	B	60	H	(' ', 60, ' ')	 	train_data
6eu4	A	801	ZN	A	60	H	(' ', 60, ' ')	 	train_data
6eu4	A	801	ZN	C	60	H	(' ', 60, ' ')	 	train_data
6n93	D	301	NI	F	220	H	(' ', 220, ' ')	 	train_data
6n93	D	301	NI	E	220	H	(' ', 220, ' ')	 	train_data
6n93	D	301	NI	D	220	H	(' ', 220, ' ')	 	train_data
6t6j	A	301	NI	A	3	H	(' ', 214, ' ')	 	train_data
6t6j	A	301	NI	C	3	H	(' ', 214, ' ')	 	train_data
6t6j	A	301	NI	B	3	H	(' ', 214, ' ')	 	train_data
6utr	D	302	CU	E	231	D	(' ', 231, ' ')	 	train_data
6utr	D	302	CU	D	231	D	(' ', 231, ' ')	 	train_data
6utr	D	302	CU	F	231	D	(' ', 231, ' ')	 	train_data
6w9c	C	401	ZN	C	270	C	(' ', 270, ' ')	 	train_data
6w9c	C	401	ZN	A	270	C	(' ', 270, ' ')	 	train_data
6w9c	C	401	ZN	B	270	C	(' ', 270, ' ')	 	train_data
7lq2	B	201	MG	B	52	D	(' ', 74, ' ')	 	train_data
7lq2	B	201	MG	E	52	D	(' ', 74, ' ')	 	train_data
7lq2	B	201	MG	D	52	D	(' ', 74, ' ')	 	train_data
7m5b	B	201	CU	B	10	H	(' ', 89, ' ')	 	train_data
7m5b	B	201	CU	D	10	H	(' ', 89, ' ')	 	train_data
7p4l	A	601	CA	C	239	D	(' ', 260, ' ')	 	train_data
7p4l	A	601	CA	B	239	D	(' ', 260, ' ')	 	train_data
7p4l	A	601	CA	A	239	D	(' ', 260, ' ')	 	train_data
7pbz	B	503	ZN	C	267	H	(' ', 267, ' ')	 	train_data
7pbz	B	503	ZN	E	267	H	(' ', 267, ' ')	 	train_data
7pbz	B	503	ZN	B	267	H	(' ', 267, ' ')	 	train_data
7s89	A	813	CA	D	542	D	(' ', 542, ' ')	 	train_data
7s89	A	813	CA	A	542	D	(' ', 542, ' ')	 	train_data
7s89	A	813	CA	B	542	D	(' ', 542, ' ')	 	train_data
7s89	A	813	CA	C	542	D	(' ', 542, ' ')	 	train_data
7uzp	B	101	ZN	F	12	H	(' ', 26, ' ')	 	train_data
7uzp	B	101	ZN	D	12	H	(' ', 26, ' ')	 	train_data
7uzp	B	101	ZN	B	12	H	(' ', 26, ' ')	 	train_data
1waa	C	1091	ZN	D	33	D	(' ', 29, ' ')	 	test_data
1waa	C	1091	ZN	C	33	D	(' ', 29, ' ')	 	test_data
1z6o	F	301	FE	F	165	E	(' ', 165, ' ')	 	test_data
1z6o	F	301	FE	G	165	E	(' ', 165, ' ')	 	test_data
1z6o	F	301	FE	J	165	E	(' ', 165, ' ')	 	test_data
2w95	B	261	NI	B	17	H	(' ', 16, ' ')	 	test_data
2w95	B	261	NI	A	17	H	(' ', 16, ' ')	 	test_data
2w95	B	261	NI	C	17	H	(' ', 16, ' ')	 	test_data
4urr	D	1624	MN	D	286	E	(' ', 394, ' ')	 	test_data
4urr	D	1624	MN	F	286	E	(' ', 394, ' ')	 	test_data
4urr	D	1624	MN	E	286	E	(' ', 394, ' ')	 	test_data
4urr	D	1625	MN	F	286	E	(' ', 394, ' ')	 	test_data
4urr	D	1625	MN	E	286	E	(' ', 394, ' ')	 	test_data
4urr	D	1625	MN	D	286	E	(' ', 394, ' ')	 	test_data
4v99	GP	301	CA	GR	198	D	(' ', 198, ' ')	 	test_data
4v99	GP	301	CA	GQ	198	D	(' ', 198, ' ')	 	test_data
4v99	GP	301	CA	GP	198	D	(' ', 198, ' ')	 	test_data
4wtz	A	201	NI	E	106	H	(' ', 105, ' ')	 	test_data
4wtz	A	201	NI	A	106	H	(' ', 105, ' ')	 	test_data
4wtz	A	201	NI	D	106	H	(' ', 105, ' ')	 	test_data
5dii	D	301	SF4	F	55	C	(' ', 55, ' ')	 	test_data
5dii	D	301	SF4	E	55	C	(' ', 55, ' ')	 	test_data
5dii	D	301	SF4	D	55	C	(' ', 55, ' ')	 	test_data
6sev	A	205	ZN	F	124	D	(' ', 131, ' ')	 	test_data
6sev	A	205	ZN	A	124	D	(' ', 131, ' ')	 	test_data
6sev	A	205	ZN	B	124	D	(' ', 131, ' ')	 	test_data
6sev	A	206	ZN	A	124	D	(' ', 131, ' ')	 	test_data
6sev	A	206	ZN	F	124	D	(' ', 131, ' ')	 	test_data
6sev	A	206	ZN	B	124	D	(' ', 131, ' ')	 	test_data
7etb	A	303	CA	A	51	D	(' ', 51, ' ')	 	test_data
7etb	A	303	CA	C	51	D	(' ', 51, ' ')	 	test_data
7etb	A	303	CA	B	51	D	(' ', 51, ' ')	 	test_data
